name,author,type,form
大奉打更人,卖报小郎君,仙侠,连载
夜的命名术,会说话的肘子,都市,连载
我就是不按套路出牌,百分之七,轻小说,连载
深空彼岸,辰东,都市,连载
万族之劫,老鹰吃小鸡,都市,完本
这个人仙太过正经,言归正传,仙侠,连载
从红月开始,黑山老鬼,科幻,连载
诡秘之主,爱潜水的乌贼,玄幻,完本
东晋北府一丘八,指云笑天道1,历史,连载
绍宋,榴弹怕水,历史,连载
全职艺术家,我最白,都市,连载
第一序列,会说话的肘子,都市,完本
才不是魔女,青空乐章,轻小说,连载
黎明之剑,远瞳,科幻,连载
人族镇守使,白驹易逝,玄幻,连载
亏成首富从游戏开始,青衫取醉,游戏,连载
稳住别浪,跳舞,都市,连载
镇妖博物馆,阎ZK,悬疑,连载
十方武圣,滚开,玄幻,连载
神秘复苏,佛前献花,仙侠,连载
name,author,type,form
大奉打更人,卖报小郎君,仙侠,连载
夜的命名术,会说话的肘子,都市,连载
我就是不按套路出牌,百分之七,轻小说,连载
深空彼岸,辰东,都市,连载
万族之劫,老鹰吃小鸡,都市,完本
从红月开始,黑山老鬼,科幻,连载
这个人仙太过正经,言归正传,仙侠,连载
诡秘之主,爱潜水的乌贼,玄幻,完本
东晋北府一丘八,指云笑天道1,历史,连载
绍宋,榴弹怕水,历史,连载
全职艺术家,我最白,都市,连载
第一序列,会说话的肘子,都市,完本
黎明之剑,远瞳,科幻,连载
人族镇守使,白驹易逝,玄幻,连载
才不是魔女,青空乐章,轻小说,连载
亏成首富从游戏开始,青衫取醉,游戏,连载
稳住别浪,跳舞,都市,连载
镇妖博物馆,阎ZK,悬疑,连载
十方武圣,滚开,玄幻,连载
神秘复苏,佛前献花,仙侠,连载
author,form,name,type
卖报小郎君,连载,大奉打更人,仙侠
会说话的肘子,连载,夜的命名术,都市
百分之七,连载,我就是不按套路出牌,轻小说
辰东,连载,深空彼岸,都市
老鹰吃小鸡,完本,万族之劫,都市
黑山老鬼,连载,从红月开始,科幻
言归正传,连载,这个人仙太过正经,仙侠
爱潜水的乌贼,完本,诡秘之主,玄幻
指云笑天道1,连载,东晋北府一丘八,历史
我最白,连载,全职艺术家,都市
会说话的肘子,完本,第一序列,都市
榴弹怕水,连载,绍宋,历史
远瞳,连载,黎明之剑,科幻
白驹易逝,连载,人族镇守使,玄幻
青衫取醉,连载,亏成首富从游戏开始,游戏
青空乐章,连载,才不是魔女,轻小说
阎ZK,连载,镇妖博物馆,悬疑
跳舞,连载,稳住别浪,都市
滚开,连载,十方武圣,玄幻
佛前献花,连载,神秘复苏,仙侠
author,form,name,type
卖报小郎君,连载,大奉打更人,仙侠
author,form,name,type
卖报小郎君,连载,大奉打更人,仙侠
会说话的肘子,连载,夜的命名术,都市
百分之七,连载,我就是不按套路出牌,轻小说
辰东,连载,深空彼岸,都市
老鹰吃小鸡,完本,万族之劫,都市
黑山老鬼,连载,从红月开始,科幻
言归正传,连载,这个人仙太过正经,仙侠
爱潜水的乌贼,完本,诡秘之主,玄幻
指云笑天道1,连载,东晋北府一丘八,历史
我最白,连载,全职艺术家,都市
会说话的肘子,完本,第一序列,都市
白驹易逝,连载,人族镇守使,玄幻
榴弹怕水,连载,绍宋,历史
远瞳,连载,黎明之剑,科幻
青衫取醉,连载,亏成首富从游戏开始,游戏
青空乐章,连载,才不是魔女,轻小说
阎ZK,连载,镇妖博物馆,悬疑
跳舞,连载,稳住别浪,都市
滚开,连载,十方武圣,玄幻
佛前献花,连载,神秘复苏,仙侠
咬火,连载,白骨大圣,玄幻
飞天鱼,连载,万古神帝,玄幻
怪诞的表哥,连载,我非痴愚实乃纯良,历史
名窑,连载,我的1978小农庄,都市
如倾如诉,连载,魔王不必被打倒,轻小说
三天两觉,完本,惊悚乐园,游戏
我吃西红柿,完本,吞噬星空,科幻
古羲,连载,超神宠兽店,玄幻
北川南海,连载,我真没想当训练家啊,轻小说
火中物,连载,复活帝国,科幻
韩游思,连载,某霍格沃茨的魔文教授,轻小说
惰堕,连载,剑卒过河,仙侠
新手钓鱼人,连载,异世界征服手册,科幻
海底漫步者,连载,在下壶中仙,都市
咯嘣,连载,世界树的游戏,轻小说
上山打老虎额,完本,明朝败家子,历史
烟火酒颂,连载,柯南之我不是蛇精病,轻小说
名称被占用,连载,我在决斗都市玩卡牌,轻小说
活儿该,连载,从姑获鸟开始,科幻
温茶米酒,连载,万界武侠扮演者,武侠
醉虎,连载,黄金召唤师,玄幻
纯洁滴小龙,连载,魔临,悬疑
爱潜水的乌贼,连载,长夜余火,玄幻
我会修空调,连载,我的治愈系游戏,悬疑
茗夜,连载,穿越八年才出道,都市
那一只蚊子,连载,轮回乐园,轻小说
辰东,完本,完美世界,玄幻
J神,连载,开局签到荒古圣体,玄幻
情何以甚,连载,赤心巡天,仙侠
烽仙,连载,洪主,仙侠
起飞的大象,连载,从龙族开始打穿世界,轻小说
雾外江山,连载,太乙,仙侠
天蚕土豆,完本,斗破苍穹,玄幻
菠罗小吹雪,连载,别让玉鼎再收徒了,仙侠
火洞,连载,星球建造师,科幻
柳岸花又明,连载,我真没想重生啊,都市
大汉护卫,连载,神话三国领主,游戏
宇宙无敌水哥,连载,没钱上大学的我只能去屠龙了,轻小说
苍山月,连载,重生之似水流年,都市
坟土荒草,连载,神话版三国,历史
辰东,完本,遮天,仙侠
斤斤斤,连载,全球废土：避难所无限升级,科幻
孑与2,连载,我不是野人,历史
徍男,连载,金刚不坏大寨主,武侠
耳根,完本,一念永恒,仙侠
忘语,完本,凡人修仙传,仙侠
雨下的好大,连载,凶猛道侣也重生了,玄幻
白衣学士,连载,我真不想成为天灾啊,科幻
荣小荣,完本,大周仙吏,仙侠
关关公子,连载,太莽,仙侠
老鹰吃小鸡,完本,全球高武,都市
辰东,连载,圣墟,玄幻
黑灯夏火,连载,玩家凶猛,科幻
凤嘲凰,连载,在港综成为传说,科幻
贰更,连载,我在斩妖司除魔三十年,仙侠
屋外风吹凉,连载,红楼春,历史
掠过的乌鸦,完本,我加载了恋爱游戏,轻小说
跃千愁,连载,半仙,仙侠
三戒大师,连载,小阁老,历史
鹅是老五,连载,弃宇宙,仙侠
死神钓者,连载,全球进入大洪水时代,科幻
忘语,连载,大梦主,仙侠
政泓,连载,面壁者：谁都想破我的壁,科幻
我会修空调,完本,我有一座冒险屋,悬疑
更从心,连载,末日拼图游戏,游戏
风月,连载,天启预报,奇幻
迪巴拉爵士,连载,大唐扫把星,历史
听日,连载,术师手册,轻小说
厌笔萧生,连载,帝霸,玄幻
会说话的肘子,完本,大王饶命,都市
拥有福气,连载,我家老板非人哉,悬疑
愤怒的香蕉,连载,赘婿,历史
育,连载,九星之主,科幻
风凌天下,连载,左道倾天,玄幻
言归正传,完本,我师兄实在太稳健了,仙侠
林海听涛,连载,禁区之狐,体育
齐佩甲,完本,超神机械师,游戏
上山打老虎额,连载,锦衣,历史
任我笑,连载,顶级气运，悄悄修炼千年,仙侠
清风小道童,连载,洪荒关系户,仙侠
